{
    "properties": {
      "projectsAndSolutions.sdkStyleProjects.fastUpToDateCheck.enabled": {
        "type": "boolean",
        "title": "@Setting_FastUpToDateCheck_Enabled_Title;{860A27C0-B665-47F3-BC12-637E16A1050A}",
        "default": true,
        "requiresRestart": false,
        "migration": {
          "pass": {
            "input": {
              "store": "SettingsManager",
              "path": "ManagedProjectSystem\\FastUpToDateCheckEnabled"
            }
          }
        }
      },
      "projectsAndSolutions.sdkStyleProjects.fastUpToDateCheck.loggingLevel": {
        "type": "string",
        "title": "@Setting_FastUpToDateCheck_LoggingLevel_Title;{860A27C0-B665-47F3-BC12-637E16A1050A}",
        "default": "none",
        "enum": [
          "none",
          "minimal",
          "info",
          "verbose"
        ],
        "enumItemLabels": [
          "@Setting_FastUpToDateCheck_LoggingLevel_None;{860A27C0-B665-47F3-BC12-637E16A1050A}",
          "@Setting_FastUpToDateCheck_LoggingLevel_Minimal;{860A27C0-B665-47F3-BC12-637E16A1050A}",
          "@Setting_FastUpToDateCheck_LoggingLevel_Info;{860A27C0-B665-47F3-BC12-637E16A1050A}",
          "@Setting_FastUpToDateCheck_LoggingLevel_Verbose;{860A27C0-B665-47F3-BC12-637E16A1050A}"
        ],
        "requiresRestart": false,
        "migration": {
          "enumIntegerToString": {
            "input": {
              "store": "SettingsManager",
              "path": "ManagedProjectSystem\\FastUpToDateLogLevel"
            },
            "map": [
              {
                "result": "none",
                "match": 0
              },
              {
                "result": "minimal",
                "match": 1
              },
              {
                "result": "info",
                "match": 2
              },
              {
                "result": "verbose",
                "match": 3
              }
            ]
          }
        }
      },
      "projectsAndSolutions.sdkStyleProjects.fileNestingSettings.ignoreSolutionAndProjectSettings": {
        "type": "boolean",
        "title": "@Setting_FileNesting_IgnoreSolutionAndProjectSettings_Title;{860A27C0-B665-47F3-BC12-637E16A1050A}",
        "default": false,
        "requiresRestart": false,
        "migration": {
          "pass": {
            "input": {
              "store": "SettingsManager",
              "path": "Cps.NestingIgnoreSolutionAndProjectProfiles"
            }
          }
        }
      },
      "projectsAndSolutions.sdkStyleProjects.multiTargetingSettings.preferSingleTargetBuilds": {
        "type": "boolean",
        "title": "@Setting_FileNesting_PreferSingleTargetBuilds_Title;{860A27C0-B665-47F3-BC12-637E16A1050A}",
        "description": "@Setting_FileNesting_PreferSingleTargetBuilds_Description;{860A27C0-B665-47F3-BC12-637E16A1050A}",
        "default": false,
        "requiresRestart": false,
        "migration": {
          "pass": {
            "input": {
              "store": "SettingsManager",
              "path": "ManagedProjectSystem\\PreferSingleTargetBuilds"
            }
          }
        }
      }
    },
  
    "categories": {
      "projectsAndSolutions.sdkStyleProjects": {
        "title": "@Settings_Category_SdkStyleProjects;{860A27C0-B665-47F3-BC12-637E16A1050A}",
        "legacyOptionPageId": "2e6db64b-da09-4b9f-a334-37a86fecda6a"
      },
      "projectsAndSolutions.sdkStyleProjects.fastUpToDateCheck": {
        "title": "@Settings_Category_FastUpToDateCheck;{860A27C0-B665-47F3-BC12-637E16A1050A}",
        "order": 1,
        "additionalKeywords": [ "futd", "up-to-date", "build" ]
      },
      "projectsAndSolutions.sdkStyleProjects.fileNestingSettings": {
        "title": "@Settings_Category_FileNestingSettings;{860A27C0-B665-47F3-BC12-637E16A1050A}",
        "order": 2
      },
      "projectsAndSolutions.sdkStyleProjects.multiTargetingSettings": {
        "title": "@Settings_Category_MultiTargetingSettings;{860A27C0-B665-47F3-BC12-637E16A1050A}",
        "order": 3,
        "additionalKeywords": [ "build" ]
      }
    }
  }